{"cameraMode":{"drawMode":0,"name":"Shaded","section":"Shading Mode"},"sceneLighting":true,"audioPlay":false,"sceneViewState":{"showFog":true,"showMaterialUpdate":true,"showSkybox":true,"showFlares":true,"showImageEffects":true,"showParticleSystems":true},"in2DMode":false,"pivot":{"x":-12.01343822479248,"y":1.400436282157898,"z":18.97316551208496},"rotation":{"x":0.012490568682551384,"y":0.7194309830665588,"z":-0.012959286570549012,"w":0.6943797469139099},"size":21.10713768005371,"orthographic":true}